{"cameraMode":{"drawMode":0,"name":"Shaded","section":"Shading Mode"},"sceneLighting":false,"audioPlay":false,"sceneViewState":{"m_AlwaysRefresh":false,"showFog":true,"showSkybox":false,"showFlares":true,"showImageEffects":true,"showParticleSystems":true,"showVisualEffectGraphs":true,"m_FxEnabled":true},"in2DMode":false,"pivot":{"x":1.6335070133209229,"y":1.6929908990859986,"z":10.264026641845704},"rotation":{"x":-0.07969023287296295,"y":0.915052592754364,"z":-0.32606732845306399,"w":-0.22363655269145966},"size":2.038975715637207,"orthographic":false}