{"cameraMode":{"drawMode":0,"name":"Shaded","section":"Shading Mode"},"sceneLighting":false,"audioPlay":false,"sceneViewState":{"m_AlwaysRefresh":false,"showFog":true,"showSkybox":false,"showFlares":true,"showImageEffects":true,"showParticleSystems":true,"showVisualEffectGraphs":true,"m_FxEnabled":true},"in2DMode":false,"pivot":{"x":0.47469109296798708,"y":0.8918396830558777,"z":-0.45219123363494875},"rotation":{"x":0.4012058675289154,"y":-0.3097582459449768,"z":0.14674632251262666,"w":0.8497536182403565},"size":0.023732148110866548,"orthographic":false}