{"cameraMode":{"drawMode":0,"name":"Shaded","section":"Shading Mode"},"sceneLighting":false,"audioPlay":false,"sceneViewState":{"m_AlwaysRefresh":false,"showFog":true,"showSkybox":false,"showFlares":true,"showImageEffects":true,"showParticleSystems":true,"showVisualEffectGraphs":true,"m_FxEnabled":true},"in2DMode":false,"pivot":{"x":0.2994246780872345,"y":0.06268642097711563,"z":0.3148132562637329},"rotation":{"x":-0.0366942435503006,"y":-0.9336317777633667,"z":-0.0979200154542923,"w":0.34341731667518618},"size":0.023732148110866548,"orthographic":false}