{"cameraMode":{"drawMode":0,"name":"Shaded","section":"Shading Mode"},"sceneLighting":false,"audioPlay":false,"sceneViewState":{"m_AlwaysRefresh":false,"showFog":true,"showSkybox":false,"showFlares":true,"showImageEffects":true,"showParticleSystems":true,"showVisualEffectGraphs":true,"m_FxEnabled":true},"in2DMode":false,"pivot":{"x":-0.18501976132392884,"y":0.020102784037590028,"z":-0.02393205463886261},"rotation":{"x":-0.09752248972654343,"y":0.6386603713035584,"z":-0.0820726752281189,"w":-0.7588630318641663},"size":0.6504013538360596,"orthographic":false}