{"cameraMode":{"drawMode":0,"name":"Shaded","section":"Shading Mode"},"sceneLighting":false,"audioPlay":false,"sceneViewState":{"m_AlwaysRefresh":false,"showFog":true,"showSkybox":false,"showFlares":true,"showImageEffects":true,"showParticleSystems":true,"showVisualEffectGraphs":true,"m_FxEnabled":true},"in2DMode":false,"pivot":{"x":-0.030360519886016847,"y":0.07073557376861572,"z":0.7276982665061951},"rotation":{"x":0.16176098585128785,"y":-0.835973858833313,"z":0.3367495536804199,"w":0.40261465311050417},"size":0.6247599124908447,"orthographic":false}