{"cameraMode":{"drawMode":0,"name":"Shaded","section":"Shading Mode"},"sceneLighting":false,"audioPlay":false,"sceneViewState":{"m_AlwaysRefresh":false,"showFog":true,"showSkybox":false,"showFlares":true,"showImageEffects":true,"showParticleSystems":true,"showVisualEffectGraphs":true,"m_FxEnabled":true},"in2DMode":false,"pivot":{"x":0.17436009645462037,"y":0.22084569931030274,"z":0.23920312523841859},"rotation":{"x":0.16176098585128785,"y":-0.835973858833313,"z":0.3367495536804199,"w":0.40261465311050417},"size":0.6247599124908447,"orthographic":false}