{"cameraMode":{"drawMode":0,"name":"Shaded","section":"Shading Mode"},"sceneLighting":false,"audioPlay":false,"sceneViewState":{"m_AlwaysRefresh":false,"showFog":true,"showSkybox":false,"showFlares":true,"showImageEffects":true,"showParticleSystems":true,"showVisualEffectGraphs":true,"m_FxEnabled":true},"in2DMode":false,"pivot":{"x":-0.011613879352807999,"y":0.27628517150878909,"z":0.3892557621002197},"rotation":{"x":0.00018665450625121593,"y":-0.9386669993400574,"z":0.34558916091918948,"w":0.0016558420611545444},"size":0.5175054669380188,"orthographic":false}