{"cameraMode":{"drawMode":0,"name":"Shaded","section":"Shading Mode"},"sceneLighting":false,"audioPlay":false,"sceneViewState":{"m_AlwaysRefresh":false,"showFog":true,"showSkybox":false,"showFlares":true,"showImageEffects":true,"showParticleSystems":true,"showVisualEffectGraphs":true,"m_FxEnabled":true},"in2DMode":false,"pivot":{"x":0.8822780251502991,"y":0.12483441829681397,"z":0.4170210361480713},"rotation":{"x":0.14682306349277497,"y":-0.8451436758041382,"z":0.2955997884273529,"w":0.4211011528968811},"size":3.6297271251678469,"orthographic":false}