{"cameraMode":{"drawMode":0,"name":"Shaded","section":"Shading Mode"},"sceneLighting":false,"audioPlay":false,"sceneViewState":{"m_AlwaysRefresh":false,"showFog":true,"showSkybox":false,"showFlares":true,"showImageEffects":true,"showParticleSystems":true,"showVisualEffectGraphs":true,"m_FxEnabled":true},"in2DMode":false,"pivot":{"x":-1.244103193283081,"y":0.7811683416366577,"z":1.0983130931854249},"rotation":{"x":0.00018665450625121593,"y":-0.9386669993400574,"z":0.34558916091918948,"w":0.0016558420611545444},"size":0.6324161291122437,"orthographic":false}