{"cameraMode":{"drawMode":0,"name":"Shaded","section":"Shading Mode"},"sceneLighting":false,"audioPlay":false,"sceneViewState":{"m_AlwaysRefresh":false,"showFog":true,"showSkybox":false,"showFlares":true,"showImageEffects":true,"showParticleSystems":true,"showVisualEffectGraphs":true,"m_FxEnabled":true},"in2DMode":false,"pivot":{"x":0.36374279856681826,"y":1.448019027709961,"z":0.24054156243801118},"rotation":{"x":-0.11811015009880066,"y":0.8374097943305969,"z":-0.1998848170042038,"w":-0.49482229351997378},"size":1.6442656517028809,"orthographic":false}