{"cameraMode":{"drawMode":0,"name":"Shaded","section":"Shading Mode"},"sceneLighting":false,"audioPlay":false,"sceneViewState":{"m_AlwaysRefresh":false,"showFog":true,"showSkybox":false,"showFlares":true,"showImageEffects":true,"showParticleSystems":true,"showVisualEffectGraphs":true,"m_FxEnabled":true},"in2DMode":false,"pivot":{"x":-1.4271082878112794,"y":0.03510010242462158,"z":-0.9938995838165283},"rotation":{"x":-0.11811015009880066,"y":0.8374097943305969,"z":-0.1998848170042038,"w":-0.49482229351997378},"size":1.9721359014511109,"orthographic":false}