{"cameraMode":{"drawMode":0,"name":"Shaded","section":"Shading Mode"},"sceneLighting":false,"audioPlay":false,"sceneViewState":{"m_AlwaysRefresh":false,"showFog":true,"showSkybox":false,"showFlares":true,"showImageEffects":true,"showParticleSystems":true,"showVisualEffectGraphs":true,"m_FxEnabled":true},"in2DMode":false,"pivot":{"x":-0.2544916272163391,"y":2.3792667388916017,"z":-0.08747172355651856},"rotation":{"x":0.14195097982883454,"y":-0.840492308139801,"z":0.2644193768501282,"w":0.4511205554008484},"size":1.0766569375991822,"orthographic":false}