{"cameraMode":{"drawMode":0,"name":"Shaded","section":"Shading Mode"},"sceneLighting":false,"audioPlay":false,"sceneViewState":{"m_AlwaysRefresh":false,"showFog":true,"showSkybox":false,"showFlares":true,"showImageEffects":true,"showParticleSystems":true,"showVisualEffectGraphs":true,"m_FxEnabled":true},"in2DMode":false,"pivot":{"x":-0.8152992725372315,"y":0.6890451908111572,"z":-0.21658730506896974},"rotation":{"x":0.1276596039533615,"y":-0.8666010499000549,"z":0.2842250168323517,"w":0.3904346227645874},"size":2.0436322689056398,"orthographic":false}