{"cameraMode":{"drawMode":0,"name":"Shaded","section":"Shading Mode"},"sceneLighting":false,"audioPlay":false,"sceneViewState":{"m_AlwaysRefresh":false,"showFog":true,"showSkybox":false,"showFlares":true,"showImageEffects":true,"showParticleSystems":true,"showVisualEffectGraphs":true,"m_FxEnabled":true},"in2DMode":false,"pivot":{"x":-0.07773318886756897,"y":-0.006134718656539917,"z":1.1673493385314942},"rotation":{"x":0.1322145313024521,"y":0.31272611021995547,"z":-0.04403311014175415,"w":0.9395604133605957},"size":0.5017201900482178,"orthographic":false}