{"cameraMode":{"drawMode":0,"name":"Shaded","section":"Shading Mode"},"sceneLighting":false,"audioPlay":false,"sceneViewState":{"m_AlwaysRefresh":false,"showFog":true,"showSkybox":false,"showFlares":true,"showImageEffects":true,"showParticleSystems":true,"showVisualEffectGraphs":true,"m_FxEnabled":true},"in2DMode":false,"pivot":{"x":-0.4005080461502075,"y":-2.8719539642333986,"z":-2.708035945892334},"rotation":{"x":0.019009653478860856,"y":-0.9241992235183716,"z":0.37861043214797976,"w":0.046339940279722217},"size":3.206930637359619,"orthographic":false}