{"cameraMode":{"drawMode":0,"name":"Shaded","section":"Shading Mode"},"sceneLighting":false,"audioPlay":false,"sceneViewState":{"m_AlwaysRefresh":false,"showFog":true,"showSkybox":false,"showFlares":true,"showImageEffects":true,"showParticleSystems":true,"showVisualEffectGraphs":true,"m_FxEnabled":true},"in2DMode":false,"pivot":{"x":-0.6454640626907349,"y":-0.08022657036781311,"z":-0.25705671310424807},"rotation":{"x":-0.06081392616033554,"y":0.9035195708274841,"z":-0.1368400603532791,"w":-0.4015362560749054},"size":1.1003680229187012,"orthographic":false}