{"cameraMode":{"drawMode":0,"name":"Shaded","section":"Shading Mode"},"sceneLighting":false,"audioPlay":false,"sceneViewState":{"m_AlwaysRefresh":false,"showFog":true,"showSkybox":false,"showFlares":true,"showImageEffects":true,"showParticleSystems":true,"showVisualEffectGraphs":true,"m_FxEnabled":true},"in2DMode":false,"pivot":{"x":0.3621368110179901,"y":0.3974195718765259,"z":-0.47557175159454348},"rotation":{"x":0.21686667203903199,"y":-0.2063295841217041,"z":0.047303225845098498,"w":0.9532545804977417},"size":0.09066881239414215,"orthographic":false}