{"cameraMode":{"drawMode":0,"name":"Shaded","section":"Shading Mode"},"sceneLighting":false,"audioPlay":false,"sceneViewState":{"m_AlwaysRefresh":false,"showFog":true,"showSkybox":false,"showFlares":true,"showImageEffects":true,"showParticleSystems":true,"showVisualEffectGraphs":true,"m_FxEnabled":true},"in2DMode":false,"pivot":{"x":0.40680909156799319,"y":1.0786194801330567,"z":-0.5834311246871948},"rotation":{"x":0.33272314071655276,"y":-0.4375719130039215,"z":0.17888325452804566,"w":0.8163083791732788},"size":0.09066881239414215,"orthographic":false}