{"cameraMode":{"drawMode":0,"name":"Shaded","section":"Shading Mode"},"sceneLighting":false,"audioPlay":false,"sceneViewState":{"m_AlwaysRefresh":false,"showFog":true,"showSkybox":false,"showFlares":true,"showImageEffects":true,"showParticleSystems":true,"showVisualEffectGraphs":true,"m_FxEnabled":true},"in2DMode":false,"pivot":{"x":-0.27399998903274538,"y":1.0264760255813599,"z":7.623000144958496},"rotation":{"x":-0.09916343539953232,"y":0.8369534611701965,"z":-0.16166427731513978,"w":-0.5133679509162903},"size":0.3925832211971283,"orthographic":false}