{"cameraMode":{"drawMode":0,"name":"Shaded","section":"Shading Mode"},"sceneLighting":false,"audioPlay":false,"sceneViewState":{"m_AlwaysRefresh":false,"showFog":true,"showSkybox":false,"showFlares":true,"showImageEffects":true,"showParticleSystems":true,"showVisualEffectGraphs":true,"m_FxEnabled":true},"in2DMode":false,"pivot":{"x":-0.21334794163703919,"y":0.6798232197761536,"z":0.0179595947265625},"rotation":{"x":0.06501796841621399,"y":-0.9298715591430664,"z":0.20147950947284699,"w":0.30172106623649599},"size":0.5296362042427063,"orthographic":false}