{"cameraMode":{"drawMode":0,"name":"Shaded","section":"Shading Mode"},"sceneLighting":false,"audioPlay":false,"sceneViewState":{"m_AlwaysRefresh":false,"showFog":true,"showSkybox":false,"showFlares":true,"showImageEffects":true,"showParticleSystems":true,"showVisualEffectGraphs":true,"m_FxEnabled":true},"in2DMode":false,"pivot":{"x":0.5578207969665527,"y":0.32401126623153689,"z":0.3443398177623749},"rotation":{"x":0.15039286017417909,"y":-0.7848947644233704,"z":0.2100926786661148,"w":0.5636521577835083},"size":0.8299793601036072,"orthographic":false}