{"cameraMode":{"drawMode":0,"name":"Shaded","section":"Shading Mode"},"sceneLighting":false,"audioPlay":false,"sceneViewState":{"m_AlwaysRefresh":false,"showFog":true,"showSkybox":false,"showFlares":true,"showImageEffects":true,"showParticleSystems":true,"showVisualEffectGraphs":true,"m_FxEnabled":true},"in2DMode":false,"pivot":{"x":1.0538194179534913,"y":0.2643134593963623,"z":-0.2986564636230469},"rotation":{"x":0.09077189862728119,"y":-0.9078087210655212,"z":0.2634061574935913,"w":0.3142954707145691},"size":3.9891772270202638,"orthographic":false}