{"cameraMode":{"drawMode":0,"name":"Shaded","section":"Shading Mode"},"sceneLighting":false,"audioPlay":false,"sceneViewState":{"m_AlwaysRefresh":false,"showFog":true,"showSkybox":false,"showFlares":true,"showImageEffects":true,"showParticleSystems":true,"showVisualEffectGraphs":true,"m_FxEnabled":true},"in2DMode":false,"pivot":{"x":0.11335587501525879,"y":-0.09257984161376953,"z":0.09968864917755127},"rotation":{"x":-0.20752882957458497,"y":0.7920507788658142,"z":-0.4202445149421692,"w":-0.3911373019218445},"size":0.7601809501647949,"orthographic":false}