{"cameraMode":{"drawMode":0,"name":"Shaded","section":"Shading Mode"},"sceneLighting":false,"audioPlay":false,"sceneViewState":{"m_AlwaysRefresh":false,"showFog":true,"showSkybox":false,"showFlares":true,"showImageEffects":true,"showParticleSystems":true,"showVisualEffectGraphs":true,"m_FxEnabled":true},"in2DMode":false,"pivot":{"x":0.37599146366119387,"y":2.0597565174102785,"z":6.002222061157227},"rotation":{"x":-0.041576847434043887,"y":0.957094669342041,"z":-0.22693537175655366,"w":-0.17534762620925904},"size":1.6518532037734986,"orthographic":false}