{"cameraMode":{"drawMode":0,"name":"Shaded","section":"Shading Mode"},"sceneLighting":true,"audioPlay":false,"sceneViewState":{"m_AlwaysRefresh":false,"showFog":true,"showSkybox":true,"showFlares":true,"showImageEffects":true,"showParticleSystems":true,"showVisualEffectGraphs":true,"m_FxEnabled":true},"in2DMode":false,"pivot":{"x":3.592255115509033,"y":-24.9899959564209,"z":-24.082517623901368},"rotation":{"x":-0.016777871176600457,"y":-0.9056819677352905,"z":0.42279037833213808,"w":-0.03501266986131668},"size":21.694961547851564,"orthographic":false}