{"cameraMode":{"drawMode":0,"name":"Shaded","section":"Shading Mode"},"sceneLighting":true,"audioPlay":false,"sceneViewState":{"m_AlwaysRefresh":false,"showFog":true,"showSkybox":true,"showFlares":true,"showImageEffects":true,"showParticleSystems":true,"showVisualEffectGraphs":true,"m_FxEnabled":true},"in2DMode":false,"pivot":{"x":-0.6396172642707825,"y":0.9579837322235107,"z":-3.570783853530884},"rotation":{"x":0.003659101901575923,"y":-0.9269536733627319,"z":0.37551751732826235,"w":0.0098794000223279},"size":4.102297782897949,"orthographic":false}