{"cameraMode":{"drawMode":0,"name":"Shaded","section":"Shading Mode"},"sceneLighting":true,"audioPlay":false,"sceneViewState":{"m_AlwaysRefresh":false,"showFog":true,"showSkybox":true,"showFlares":true,"showImageEffects":true,"showParticleSystems":true,"showVisualEffectGraphs":true,"m_FxEnabled":true},"in2DMode":false,"pivot":{"x":-2.510000228881836,"y":0.26600003242492678,"z":-2.4000000953674318},"rotation":{"x":0.10086192190647125,"y":-0.8985875844955444,"z":0.28261318802833559,"w":0.32015708088874819},"size":5.71705436706543,"orthographic":false}