{"cameraMode":{"drawMode":0,"name":"Shaded","section":"Shading Mode"},"sceneLighting":true,"audioPlay":false,"sceneViewState":{"m_AlwaysRefresh":false,"showFog":true,"showSkybox":true,"showFlares":true,"showImageEffects":true,"showParticleSystems":true,"showVisualEffectGraphs":true,"m_FxEnabled":true},"in2DMode":false,"pivot":{"x":-1.4747815132141114,"y":-1.2172329425811768,"z":2.2437636852264406},"rotation":{"x":0.024951593950390817,"y":0.9589967131614685,"z":-0.2702990770339966,"w":0.08673470467329025},"size":4.115883827209473,"orthographic":false}