{"cameraMode":{"drawMode":0,"name":"Shaded","section":"Shading Mode"},"sceneLighting":true,"audioPlay":false,"sceneViewState":{"m_AlwaysRefresh":false,"showFog":true,"showSkybox":true,"showFlares":true,"showImageEffects":true,"showParticleSystems":true,"showVisualEffectGraphs":true,"m_FxEnabled":true},"in2DMode":false,"pivot":{"x":-1.2266604900360108,"y":0.5835764408111572,"z":0.7641815543174744},"rotation":{"x":-0.23107360303401948,"y":0.6957664489746094,"z":-0.25500771403312685,"w":-0.6304644346237183},"size":3.4131224155426027,"orthographic":false}