{"cameraMode":{"drawMode":0,"name":"Shaded","section":"Shading Mode"},"sceneLighting":true,"audioPlay":false,"sceneViewState":{"m_AlwaysRefresh":false,"showFog":true,"showSkybox":true,"showFlares":true,"showImageEffects":true,"showParticleSystems":true,"showVisualEffectGraphs":true,"m_FxEnabled":true},"in2DMode":false,"pivot":{"x":1158.4876708984375,"y":683.4992065429688,"z":94.372314453125},"rotation":{"x":0.07073603570461273,"y":-0.01554520521312952,"z":0.0011029413435608149,"w":0.9973786473274231},"size":895.3506469726563,"orthographic":false}