{"cameraMode":{"drawMode":0,"name":"Shaded","section":"Shading Mode"},"sceneLighting":true,"audioPlay":false,"sceneViewState":{"m_AlwaysRefresh":false,"showFog":true,"showSkybox":true,"showFlares":true,"showImageEffects":true,"showParticleSystems":true,"showVisualEffectGraphs":true,"m_FxEnabled":true},"in2DMode":false,"pivot":{"x":1297.218017578125,"y":396.65142822265627,"z":-15.16302490234375},"rotation":{"x":0.07821893692016602,"y":-0.011050790548324585,"z":0.0008672248804941773,"w":0.9968797564506531},"size":437.3782043457031,"orthographic":false}