{"cameraMode":{"drawMode":0,"name":"Shaded","section":"Shading Mode"},"sceneLighting":true,"audioPlay":false,"sceneViewState":{"m_AlwaysRefresh":false,"showFog":true,"showSkybox":true,"showFlares":true,"showImageEffects":true,"showParticleSystems":true,"showVisualEffectGraphs":true,"m_FxEnabled":true},"in2DMode":false,"pivot":{"x":1028.1070556640625,"y":1242.6947021484375,"z":-2472.646484375},"rotation":{"x":0.13782666623592378,"y":-0.028759632259607316,"z":0.00361071340739727,"w":0.9903520345687866},"size":16.531869888305665,"orthographic":false}