{"cameraMode":{"drawMode":0,"name":"Shaded","section":"Shading Mode"},"sceneLighting":true,"audioPlay":false,"sceneViewState":{"m_AlwaysRefresh":false,"showFog":true,"showSkybox":true,"showFlares":true,"showImageEffects":true,"showParticleSystems":true,"showVisualEffectGraphs":true,"m_FxEnabled":true},"in2DMode":false,"pivot":{"x":3.953723669052124,"y":3.1967337131500246,"z":2.8885836601257326},"rotation":{"x":0.15413081645965577,"y":-0.8424264788627625,"z":0.3171703517436981,"w":0.40815818309783938},"size":3.630394458770752,"orthographic":false}