{"cameraMode":{"drawMode":0,"name":"Shaded","section":"Shading Mode"},"sceneLighting":false,"audioPlay":false,"sceneViewState":{"m_AlwaysRefresh":false,"showFog":true,"showSkybox":false,"showFlares":true,"showImageEffects":true,"showParticleSystems":true,"showVisualEffectGraphs":true,"m_FxEnabled":true},"in2DMode":false,"pivot":{"x":-0.9908168315887451,"y":0.576373815536499,"z":-2.7106385231018068},"rotation":{"x":-0.031172718852758409,"y":0.9670685529708862,"z":-0.14646387100219727,"w":-0.20581869781017304},"size":2.9731225967407228,"orthographic":false}