{"cameraMode":{"drawMode":0,"name":"Shaded","section":"Shading Mode"},"sceneLighting":false,"audioPlay":false,"sceneViewState":{"m_AlwaysRefresh":false,"showFog":true,"showSkybox":false,"showFlares":true,"showImageEffects":true,"showParticleSystems":true,"showVisualEffectGraphs":true,"m_FxEnabled":true},"in2DMode":false,"pivot":{"x":-0.224979430437088,"y":0.6791931390762329,"z":0.0179595947265625},"rotation":{"x":0.008571126498281956,"y":-0.8697516322135925,"z":0.49369579553604128,"w":0.015970328822731973},"size":1.9628150463104249,"orthographic":false}