{"cameraMode":{"drawMode":0,"name":"Shaded","section":"Shading Mode"},"sceneLighting":false,"audioPlay":false,"sceneViewState":{"m_AlwaysRefresh":false,"showFog":true,"showSkybox":false,"showFlares":true,"showImageEffects":true,"showParticleSystems":true,"showVisualEffectGraphs":true,"m_FxEnabled":true},"in2DMode":false,"pivot":{"x":0.4990962743759155,"y":0.7114416360855103,"z":-0.2732628583908081},"rotation":{"x":0.20023894309997559,"y":-0.6191657781600952,"z":0.16783371567726136,"w":0.740879476070404},"size":0.07725527137517929,"orthographic":false}