{"cameraMode":{"drawMode":0,"name":"Shaded","section":"Shading Mode"},"sceneLighting":false,"audioPlay":false,"sceneViewState":{"m_AlwaysRefresh":false,"showFog":true,"showSkybox":false,"showFlares":true,"showImageEffects":true,"showParticleSystems":true,"showVisualEffectGraphs":true,"m_FxEnabled":true},"in2DMode":false,"pivot":{"x":0.1391892433166504,"y":0.5378296375274658,"z":0.793703556060791},"rotation":{"x":-0.19572725892066956,"y":0.46995607018470766,"z":-0.10771412402391434,"w":-0.8539509177207947},"size":2.8437461853027345,"orthographic":false}