{"cameraMode":{"drawMode":0,"name":"Shaded","section":"Shading Mode"},"sceneLighting":false,"audioPlay":false,"sceneViewState":{"m_AlwaysRefresh":false,"showFog":true,"showSkybox":false,"showFlares":true,"showImageEffects":true,"showParticleSystems":true,"showVisualEffectGraphs":true,"m_FxEnabled":true},"in2DMode":false,"pivot":{"x":0.034999899566173556,"y":4.849999904632568,"z":-0.0008580684661865234},"rotation":{"x":-0.2681930661201477,"y":-0.044746480882167819,"z":0.01265436876565218,"w":-0.9623029828071594},"size":3.0205612182617189,"orthographic":false}