{"cameraMode":{"drawMode":0,"name":"Shaded","section":"Shading Mode"},"sceneLighting":false,"audioPlay":false,"sceneViewState":{"m_AlwaysRefresh":false,"showFog":true,"showSkybox":false,"showFlares":true,"showImageEffects":true,"showParticleSystems":true,"showVisualEffectGraphs":true,"m_FxEnabled":true},"in2DMode":false,"pivot":{"x":200.20738220214845,"y":110.10726165771485,"z":-22.4046630859375},"rotation":{"x":-0.15117011964321137,"y":0.027276676148176194,"z":-0.004172416403889656,"w":-0.9881236553192139},"size":69.98043823242188,"orthographic":false}