{"cameraMode":{"drawMode":0,"name":"Shaded","section":"Shading Mode"},"sceneLighting":false,"audioPlay":false,"sceneViewState":{"m_AlwaysRefresh":false,"showFog":true,"showSkybox":false,"showFlares":true,"showImageEffects":true,"showParticleSystems":true,"showVisualEffectGraphs":true,"m_FxEnabled":true},"in2DMode":false,"pivot":{"x":0.7499821186065674,"y":0.8388839960098267,"z":11.478885650634766},"rotation":{"x":-0.18933506309986115,"y":0.6117575764656067,"z":-0.15365834534168244,"w":-0.7526025772094727},"size":1.154942512512207,"orthographic":false}