{"cameraMode":{"drawMode":0,"name":"Shaded","section":"Shading Mode"},"sceneLighting":false,"audioPlay":false,"sceneViewState":{"m_AlwaysRefresh":false,"showFog":true,"showSkybox":false,"showFlares":true,"showImageEffects":true,"showParticleSystems":true,"showVisualEffectGraphs":true,"m_FxEnabled":true},"in2DMode":false,"pivot":{"x":0.29519665241241457,"y":0.19807720184326173,"z":-1.5059185028076172},"rotation":{"x":-0.02766464091837406,"y":0.9722374677658081,"z":-0.1712081879377365,"w":-0.15709736943244935},"size":1.7841036319732667,"orthographic":false}