{"cameraMode":{"drawMode":0,"name":"Shaded","section":"Shading Mode"},"sceneLighting":false,"audioPlay":false,"sceneViewState":{"m_AlwaysRefresh":false,"showFog":true,"showSkybox":false,"showFlares":true,"showImageEffects":true,"showParticleSystems":true,"showVisualEffectGraphs":true,"m_FxEnabled":true},"in2DMode":false,"pivot":{"x":-0.6430935859680176,"y":1.7032978534698487,"z":-0.7817625999450684},"rotation":{"x":0.08608877658843994,"y":-0.9030748605728149,"z":0.21564249694347382,"w":0.3620242774486542},"size":2.6554980278015138,"orthographic":false}