{"cameraMode":{"drawMode":0,"name":"Shaded","section":"Shading Mode"},"sceneLighting":false,"audioPlay":false,"sceneViewState":{"m_AlwaysRefresh":false,"showFog":true,"showSkybox":false,"showFlares":true,"showImageEffects":true,"showParticleSystems":true,"showVisualEffectGraphs":true,"m_FxEnabled":true},"in2DMode":false,"pivot":{"x":0.5166170001029968,"y":2.2738373279571535,"z":2.9935600757598879},"rotation":{"x":-0.03527676686644554,"y":0.964680016040802,"z":-0.1893404871225357,"w":-0.17973026633262635},"size":1.7057620286941529,"orthographic":false}