{"cameraMode":{"drawMode":0,"name":"Shaded","section":"Shading Mode"},"sceneLighting":false,"audioPlay":false,"sceneViewState":{"m_AlwaysRefresh":false,"showFog":true,"showSkybox":false,"showFlares":true,"showImageEffects":true,"showParticleSystems":true,"showVisualEffectGraphs":true,"m_FxEnabled":true},"in2DMode":false,"pivot":{"x":-0.02442203089594841,"y":0.7636975646018982,"z":-1.5314345359802247},"rotation":{"x":0.05604957789182663,"y":-0.9428179264068604,"z":0.21023105084896089,"w":0.25355204939842226},"size":2.2748355865478517,"orthographic":false}