{"cameraMode":{"drawMode":0,"name":"Shaded","section":"Shading Mode"},"sceneLighting":false,"audioPlay":false,"sceneViewState":{"m_AlwaysRefresh":false,"showFog":true,"showSkybox":false,"showFlares":true,"showImageEffects":true,"showParticleSystems":true,"showVisualEffectGraphs":true,"m_FxEnabled":true},"in2DMode":false,"pivot":{"x":-0.8683862686157227,"y":0.6481425762176514,"z":0.07033491134643555},"rotation":{"x":0.08732585608959198,"y":-0.8876639604568481,"z":0.1896386295557022,"w":0.4110904335975647},"size":2.406292200088501,"orthographic":false}