{"cameraMode":{"drawMode":0,"name":"Shaded","section":"Shading Mode"},"sceneLighting":false,"audioPlay":false,"sceneViewState":{"m_AlwaysRefresh":false,"showFog":true,"showSkybox":false,"showFlares":true,"showImageEffects":true,"showParticleSystems":true,"showVisualEffectGraphs":true,"m_FxEnabled":true},"in2DMode":false,"pivot":{"x":0.6543627381324768,"y":2.1706340312957765,"z":0.078094482421875},"rotation":{"x":0.0062242960557341579,"y":-0.9813641905784607,"z":0.19016137719154359,"w":0.032438311725854877},"size":2.7617850303649904,"orthographic":false}