{"cameraMode":{"drawMode":0,"name":"Shaded","section":"Shading Mode"},"sceneLighting":false,"audioPlay":false,"sceneViewState":{"m_AlwaysRefresh":false,"showFog":true,"showSkybox":false,"showFlares":true,"showImageEffects":true,"showParticleSystems":true,"showVisualEffectGraphs":true,"m_FxEnabled":true},"in2DMode":false,"pivot":{"x":0.42386579513549807,"y":0.36247777938842776,"z":-0.2614535689353943},"rotation":{"x":0.24428410828113557,"y":-0.4528799057006836,"z":0.13094963133335114,"w":0.8477079272270203},"size":0.10951948165893555,"orthographic":false}